feature_1,feature_2
0.7655565391915966,-0.5202562972434799
0.05207918826765262,-0.4197001889819425
0.4188116545623033,-0.3551262990260071
0.536785098868062,-0.5770979520751216
0.634114090062182,-0.6415011395021154
0.4887733959102486,-0.5002770085470192
0.49531537899570954,-0.28416105437750216
0.5896390568846626,-0.16076368543436786
0.17140694129387812,-0.5812143592519664
0.7741978012582242,-0.6019686484276958
0.5728962498481012,-0.20573560877153235
0.5573808976006693,-0.9641188551581483
0.19952068612365742,-0.8555333909467413
0.48850609630692104,-0.5782434104348033
0.4603202206359909,-0.4811615399379707
0.4889294903955221,-0.5527874697185375
0.42698895669074843,-0.8582655096082368
0.4882826897732278,-0.5635086187860399
0.5904978185279293,-0.4804207709174746
0.430750110470538,-0.6589272642142998
0.5593466344988227,-0.3340027681837794
0.31242395376970966,-0.41337840936973125
0.1735153395864033,-0.5134268309229043
0.5936770468554103,-0.15282420046285733
0.38171946643837784,-0.27511616309792636
0.4517324417093791,-0.6756380685620147
0.32051981461963386,-0.23750592657180075
0.3679887359731834,-0.4648362093407944
0.1796327902054926,-0.6774361883690081
0.3294828305658706,-0.4954080488784097
0.3929459670934311,-0.4949189583229968
0.34226614909812675,-0.28107232505758173
0.3105022810186241,-0.4511113088076735
0.21101196018532564,-0.7421085988246703
0.3324643916184109,-0.618236620752886
0.9693294061053124,-0.7558322214056516
0.7043581171177347,-0.6105081346833459
0.31220368546444294,-0.29659580171735106
0.6545389674204763,-0.8323196582229128
0.13514866881243398,-0.4392792191075997
0.6380858048766098,-0.3406655783270657
0.5996104809365713,-0.50523844746885
0.4737891976917175,-0.2733840240880556
0.6945071578285074,-0.07322635055909249
0.41506733951342684,-0.6659929195075924
0.3935020161581865,-0.3709889453080246
0.4736182720440066,-0.4190476375919005
0.3134518178411244,-0.7526136698204551
0.47913130170106144,-0.697600388498747
0.5542340369274622,-0.660299377078875
0.6058090476668864,-0.41547427565823486
0.3475770976155004,-0.6775560273271871
0.5940866289692963,-0.4377105856891689
0.45550459795141596,-0.6717839815615343
0.4376047784167574,-0.6680580790958613
0.7162752068916379,-0.6262751976898777
0.4187393739109875,-0.6728089982204739
0.026082618954679393,-0.3271895399004704
0.9028120309836936,-0.561353155205401
0.398928336547118,-0.6631583083987943
0.35006193105942063,-0.49343825047725764
0.5578241010557624,-0.41742583591076504
0.4226258306298707,-0.6020585479267258
0.6884936238440788,-0.5535189492470696
0.5661153512548748,-0.31015070528835287
0.6128017070147618,-0.7569104595985054
0.6210240168164334,-0.3208888028897352
0.5395934579889935,-0.28361295630454697
0.32820552231113154,-0.6797884312931072
0.7770523093444461,-0.5606196506848146
0.5327857144905174,-0.48073572881576065
0.2546756681206769,-0.30651076998995297
0.5119789366232552,-0.5425046089540618
0.4594206318466666,-0.5219765558618628
0.3664559427281201,-0.4346074809191085
0.5390139394302762,-0.8563125711411184
0.48192359854461064,-0.2264805520386573
0.672703931676263,-0.6609507481275738
0.7192693691331598,-0.5468431602689073
0.3908576051964435,-0.8769171689958896
0.21880741674642012,-0.6180115291739079
0.2704778110313729,-0.5716228150959713
0.9994400783174014,-0.9490643296742804
0.9233582042967351,-0.8221756806899867
0.43050986950028736,-0.6162536953720651
0.4928463856279558,-0.02385092975604991
0.3607346692277834,-0.5580794201607734
0.5074011443820299,-0.34641951845345925
0.3484258279149668,-0.5100168188569644
0.5731697575833716,-0.24043494660528292
0.3303358954389535,-0.5651338937640349
0.47966054508902567,-0.49614412309738454
0.3984964796685286,-0.7103760205103348
0.49777087763163175,-0.4977002200259875
0.40973939257949477,-0.4468624050067528
0.23355766908109965,-0.8937249379572041
0.4007795332034875,-0.5149609965360682
0.44767091085781985,-0.5364489567579885
0.4001966724011634,-0.49572975523129026
0.7650028105773631,-0.4589334872444081
0.5997380549819655,-0.29040556880638946
0.42688978200279254,-0.31238149181887087
0.1515287604381539,-0.7606485508224632
0.3286901383531581,-0.8083174799343575
0.2258480034913879,-0.32686941543682935
0.6640643594522844,-0.22801029166410314
0.5705633212988757,-0.5305548847090817
0.5454785550242257,-0.7033477297219538
0.6057887236833165,-0.45077044226303115
0.4515960340259561,-0.1963477659288589
0.39568406440132536,-0.7369373180823104
0.36841478149264095,-0.30622347228738983
0.5149172813087107,-0.715419813880799
0.42497057666774324,-0.7452392383566038
0.5103149885539778,-0.32654467423831446
0.2564122976813698,-0.5609927275708841
0.6873484927070515,-0.21753445879251138
0.6086623782775039,-0.4121914084655915
0.5451163327137607,-0.22217093686441453
0.5551201347968113,-0.2129901226421691
0.8699182493359273,-0.5428333312400169
0.3401155200913807,-0.4518424980516123
0.42152220037007265,-1.1092286109599854
0.341542667638771,-0.606321181602291
0.2986336495402032,-0.16368465674653443
0.3705637136304478,-0.4055505699824302
0.2720395089146452,-0.34300849575189996
0.510190855402258,-0.8588458542979442
0.4712840976567359,-0.5764050897900768
0.3625401925686673,-0.5234949092836223
0.4103669274638584,-0.6298675855460776
0.7362757202576572,-0.6263807516010335
0.5017255797835153,-0.39459915830906805
0.3163990460361909,-0.4495006745846255
0.7802689662583919,-0.5820763587315742
0.5061203648677035,-0.5139283156893871
0.4850664043497701,-0.4482567119540508
0.507953346917299,-0.8133989421723204
0.7308368060988039,-0.4654991167014268
0.20765346234771836,-0.6366879533577363
0.5812830987352413,-0.538635340309968
0.3891380746857398,-0.5941275316309583
0.509026803086402,-0.032075038795988386
0.5230295746280185,-0.5758295125759846
0.6881835229150227,-0.41895918393542236
0.5634321252585377,-0.39599187708582645
0.4258591993559093,-0.6891231591112583
0.7652923284731388,-0.6929212848412528
0.329654160549282,-0.1354552799744081
0.4447134309968326,-0.5519153963668079
0.7822344127779224,-0.3428392346337655
0.4554788638103359,-0.6826158436083593
0.45609179433375735,-0.7168073241343869
0.6921386796921319,-0.23418743069206355
0.6510791391326677,-0.3265185177290164
0.6014477902219231,-0.5232459400774299
0.596223025277767,0.051871022804316436
0.42768014384367603,-0.2870829727744296
0.6872797087104919,-0.605128118620388
0.6223854385462315,-0.7682993451166085
0.8185541508834968,-0.5517145263353542
0.561666249191869,-0.7756166934128155
0.18991413098330379,-0.4165362357936329
0.556855934161443,-0.15146624386887375
0.3365013804767547,-0.7802694586078621
0.09915685690021697,-0.42462469582982143
0.5479165519712783,-0.5739602332607606
-0.016559326593988954,-0.7307900727304019
0.3664574558858882,-0.16361565198537242
0.5649739231592372,-0.3005764038416481
0.11085938336720824,-0.6825566988270584
0.22804385489923723,-0.5082801623115935
0.45661008601267017,-0.41092134982104056
0.7571968014160586,-0.8013996796428544
0.5709515386226436,-0.3766226891213442
0.21561602567191263,-0.10040878404999903
0.5042124042684127,-0.48010910859385764
0.5953796737844445,-0.47031008372398436
0.706087653483121,-0.9094647226115924
0.24026265556738197,-0.24478493079876246
0.679052054577986,-0.22500718672140202
0.26447420750347383,-0.7280392601869923
0.3161773110260112,-0.46144923018695677
0.2934713796215741,-0.5873496674916014
0.3798684884684423,-0.18955136399028782
0.47704493504584033,-0.4382497516326774
0.6872891451662232,-0.5070190353739341
0.6398760967175634,-0.7122444574891819
0.42307091537149644,-0.5887672186310395
0.7530155676177532,-0.4577005974536244
0.6625348084218085,-0.3825481241200348
0.5882065814546302,-0.464241426853364
0.34685956110438276,-0.3888426071834254
0.4970284593290595,-0.3357188125950378
0.7845966993032212,-0.42078268300868793
0.6352921464723247,-0.5764017911155641
0.5660070229020623,-0.05481113365234824
0.5451217308942208,-0.4100575799536015
0.7449741128387319,-0.48702877873128475
0.5024463967277635,-0.1861480770928191
0.43040762881583083,-0.7706777716295428
0.571900879914202,-0.5289133633867472
0.1637563569011133,-0.67779427161909
0.7156394607428476,-1.0118369332688193
0.36870726500569373,-1.0669109010549405
0.9022513362926274,-0.5089190852911714
0.6511480577789085,-0.6078265273505981
0.31112630183514123,-0.4523793704335376
0.36439484368710995,-0.24043084186978025
0.02716523657176395,-0.49593316365895135
0.7068819772963036,-0.6992425280742133
0.3388746984921264,-0.7236623848643264
0.10963917970367953,-0.6319783459458996
0.16235399444571352,-0.5224931965119105
0.33937172253167436,-0.5928675382870984
0.5020698629132598,-0.35599324813166944
0.6860816992222233,-0.535063280465404
0.5426960097820338,-0.7417147307466443
0.7057870985189708,-0.514457401512001
0.31396869949513573,-0.5357178184174658
0.6446200987475597,-0.49507757495041765
0.4551482131496719,-0.560449946091014
0.5439019111586091,-0.42138741320398165
0.2440621653591521,-0.6170862408555545
0.5484235921970246,-0.6777440514707261
0.35419106824106084,-0.46068851985424303
0.5735089792044538,-0.4619376884812121
0.5907563825271368,-0.8659480822009062
0.6179759641469039,-0.572771761994158
0.797871192414896,-0.39573925034485724
0.2641684138724624,-0.23971438566704784
0.40599342345982503,-0.5433462941151077
1.0188849175536303,-0.5808064587701874
0.47790211898681445,-0.8321399623738527
0.5932332852068062,-0.5740484881408686
0.48654487821540365,-0.7636791739289468
0.23041491547417592,-0.6523146776513118
0.5447687126625822,-0.4340754035744524
0.1734730947531009,-0.8135535448616908
0.5765464860024536,-0.5068484561063907
0.359015729498511,-0.3640050311509795
0.31344219169871235,-0.251336123108969
0.8509972307484117,-0.5265976844619183
0.5703560221362717,-0.42415289329288264
0.4092391917895998,-0.41934709196735065
0.5366678398515202,-0.1658113934422285
0.3934594416040891,-0.28185005311309996
0.6439967460286331,-0.7205812425910739
0.7023684865988378,-0.6315902089522337
0.5469643051897464,-0.07356931788591126
-0.5078565636454991,0.2663813004517605
-0.22709363037950575,0.3621101630900124
-0.7893069399126775,0.6600595898680055
-0.04813820986182954,0.49154856966787147
-0.3356828575900408,0.5010585292598722
-0.3158282352438362,0.5637455305886042
-0.06735281014386202,0.7673055898872785
-0.4439116589367408,0.30137527781408385
-0.5271899401356641,0.7273782725205391
-0.5196905048850865,0.3673043427275785
-0.4207986574676709,0.28138769825389887
-0.46901051486061673,0.5756325039204347
-0.6606819328347682,0.36209004444995985
-0.3616922497859627,0.6389498287312012
-0.3427344075782047,0.4067161806528114
-0.553600674190276,0.6604912791592791
-0.700043069477913,0.19104578064447764
-0.4427312622215441,0.6217687668950902
-0.45834500438462794,0.6953278072967426
-0.8537076901354061,0.5710963585487538
-0.6817526491918107,0.4151364758044197
-0.46869869240692486,0.5464362072400551
-0.5774653634815905,0.4395394498849329
-0.3655410485975129,0.5814923672482221
-0.5206437703587116,0.5821197003876745
-0.3286338776194617,0.3697948813399706
-0.8872559611693014,0.5377557193587658
-0.23617262473968487,0.32351623629001625
-0.7982515185411212,0.5878783402529074
-0.8227795695115903,0.45745194395720623
-0.9032813255599521,0.3921090733250997
-0.4666653009254942,0.6270062873784212
-0.5260213908387408,0.5187906458771138
-0.5535467073787933,0.2743977337059986
-0.43221917495681106,0.9042087122969595
-0.8396211638864509,0.5774560950790126
-0.6019304363503307,0.4123851396777627
-0.5827237961519495,0.35050903771184844
-0.4073739341362786,0.5558191528784907
-0.4922738896319624,0.1686569795356092
-0.7377718515568058,0.3986367291402625
-0.6626728518408406,0.20671513443949718
-0.3620363670930423,0.7603692459129997
-0.8165876794670164,0.6220758758214411
-0.7253651617513487,0.353864449427035
-0.7141505243021085,0.7108903453862273
-0.6085722952033435,0.5832100092522852
-0.3456418897572665,0.6647008307927463
-0.3865419444294661,0.4554649798969691
-0.3612453694619735,0.46808531237074663
-0.4804550064570289,0.6165907359506587
-0.656525831165505,0.4779221401946224
-1.0105979631668158,0.6307237190880721
-0.3136303251771393,0.5679929967602524
-0.04604907520247847,0.20912686508024703
-0.5381306987162798,0.4210300971933099
-0.19600102784684542,0.843917861483239
0.039244810512716,0.48521506674391696
-0.5370107342018683,0.3384703024767288
-0.6439208777103586,0.3374014022891845
-0.4373864596698197,0.32918085213965503
-0.6814596728766484,0.5103890791592278
-0.039216660463211594,0.28799683545569055
-0.11541159470392304,0.7961029582868848
-0.5959311628015895,0.6240716596687025
-0.3398870393138006,0.5156520350323323
-0.5048652248797871,0.3523938181588623
-0.31139078253549646,-0.04793543343791129
-0.32748079773430977,-0.031123818594986585
-0.8511781166875438,0.5901868923611829
-0.6384099695568782,0.8072754108491595
-0.7631814821023042,0.4076830790370582
-0.5623105064254745,0.5112330684459491
-0.3603085701785328,0.5007541778172538
-0.5911065007034686,0.5034958318050113
-0.37718412593078393,0.6844413343133053
-0.6317105933610008,0.3971532068120022
-0.1233698605887491,0.23044818777151072
-0.3719736947804816,0.17660879113783312
-0.5031364223205109,0.5321856336596446
-0.630481716477404,0.4218093249624798
-0.31409897770409434,0.6164449182795848
-0.7208766678856902,0.5104330158521949
-0.7314710518381707,0.4375415497748613
-0.5706863497514398,0.1767051622697935
-0.505636445667731,0.5856663741060836
-0.3749537097945625,0.17958846887865043
-0.6409400551712467,0.6886521449938989
-0.2862981201367982,0.40932283922972246
-0.42019073087197395,-0.05451855128533001
-0.7585713819446898,0.5534101738698366
-0.509140792132047,0.5441015311514347
-0.3179642183814816,0.5634436430382604
-0.9577240080029057,0.5502968830043073
-0.4908482965397108,0.4625632299948333
-0.6888892511836501,0.4179900613594903
-0.30425240317885216,0.9481786398402916
-0.648950964409688,0.3347122922681971
-0.5315334032327632,0.951344699459642
-0.5221081314464945,0.70403454234316
-0.3713371069874144,0.18587531827330944
-0.6539832148890633,0.6078498382583635
-0.7540969996971467,0.6938793416316023
-0.4258349997437796,0.5284123610374472
-0.734624681022832,0.8887242371298585
-0.6274874051104458,0.4205456371342405
-0.19344415712830848,0.793871753980057
-0.4012516445301623,0.4767792121931267
-0.5123252804191295,0.47853894474176506
-0.5413807352327944,0.6760357824161565
-0.6348665321314753,0.5063661116548702
-0.6971021475368302,0.20563299850728262
-0.20118418536847876,0.4589683472468398
-0.474617581459276,0.5803978726889403
-0.38429570045422434,0.5699308913986348
-0.3457188102646309,0.7058877657565534
-0.126488207914686,0.6812089316550771
-0.7312364863643825,0.6562396203419987
-0.7059870566617953,0.43001132708217904
-0.4978999958558359,0.8571740987811671
-0.5790457965308708,0.2681158967200174
-0.35418188756449265,0.5257965821514822
-0.20668425688516445,0.6705103878922464
-0.40851687875580184,0.30707759725325434
-0.6825644450888317,0.7234032576191706
-0.6021610275137746,0.2638735631755176
-0.44401508019135233,0.4803699220714084
-0.918920614241229,0.5247443828467013
-0.5927191949292189,0.5962962947546925
-0.9511128458804379,0.2954986312728793
-0.6304587199870039,0.39576213753977785
-0.269533687043376,0.7159237184073642
-0.7613053703470634,0.8316261359236377
-0.3284152151415327,0.7282203733315147
-0.7330299681566713,0.6801652973908374
-0.8686139100313297,0.40440519919190265
-0.2799431323559253,0.7596043944652442
-0.5618228889543417,0.45330666769126143
-0.39534466789364925,0.46569073375555037
-0.5136483210649262,0.8426685443298734
-0.023371045027211546,0.6888958973980828
-0.4716093673358441,0.43613431657098095
-0.5878379043604296,0.5362676858435642
-0.5806353893946359,0.7444890140764855
-0.39578702470944827,0.3848424060373868
-0.6375675222057364,0.25718451938117587
-0.4645147715492494,0.4196438127583476
-0.3316737471852727,0.4501082839678102
-0.39522179523315887,0.5176844174089322
-0.5707987822506968,0.22500974131639623
-0.7294937304822204,0.41243599105111317
-0.3370960355024267,0.511785117836326
-0.6722451370109406,0.8820129906198068
-0.3271127602280989,0.3515669959187116
-0.808159402888925,0.5126523988400663
-0.3099823164948821,0.4697285583404604
-0.5769759618362551,0.5188703178634148
-0.5738363675884888,0.45212416448481474
-0.5583674725495725,0.3477015576376753
-0.1264884019700065,0.3045444240247178
-0.25394186385445583,0.7404759697568822
-0.46013996062070694,0.4898792918076668
-0.6197307873845972,0.2768206028079211
-0.5621772343396944,0.5194800332537567
-0.4287267205651196,0.6413146336383897
-0.17037301355848805,0.5328455510974668
-0.6528287847812886,0.2124417052396843
-0.6194632137930726,0.4524156540527986
-0.5695824298652306,0.531269793820796
-0.613862410694037,0.5539808709881523
-0.15345576261617333,0.6369002213718381
-0.6741594298363763,0.38423006704711693
-0.6256175119283158,0.40379457630784243
-0.2800680808225774,0.6310527461445196
-0.3248334476825338,0.4769785063025547
-0.5870307103443275,0.8698527456958685
-0.5937728375933591,0.0597117428998884
-0.6287236805665781,0.05531936955511463
-0.7848121817965064,0.4013360233275612
-0.5551341069121114,0.35805440683062234
-0.5881845264585183,0.44392890096309817
-0.6451194756927169,0.2233272089209889
-0.6344920895551902,0.42808936769189176
-0.5034040827722881,0.5758303471110163
-0.6911890000985554,0.4308036448601227
-0.3101158386148478,0.5175102482770382
-0.2746728155786986,0.2840136983273153
-0.47119128576782443,0.7908547013925951
-0.579889805852575,0.5740111775695037
-0.3667233835936171,0.40785604252228935
-0.48669655552336644,0.5604943795479562
-0.27428118709708627,0.5992001892687925
-0.5265761155173911,0.4404418241196543
-0.4901010036699818,0.5987673552561913
-0.4403523651587888,0.765277179337406
-0.3262073026206409,0.5553743811692256
-0.4247148937688741,0.2801198418831611
-0.3477924549706013,0.5243350032985656
-0.7068485683568929,0.6363189036563254
-0.3466673636709828,0.5712585634944578
-0.8260396693932089,0.5925564511051549
-1.0318344475993482,0.6212639048718762
-0.2623940415295396,0.56338852238497
-0.3505623331590736,0.26221100895925276
-0.4112273534509149,0.5667348654748534
-0.694220914088897,0.5629634409031647
-0.4450967284552121,0.3218169834008944
-0.4195316717644902,0.36303798181193736
-0.703608375057473,0.48442904881182985
-0.6192628076901017,0.48948654074609077
-0.5729387088783371,0.5313407710544727
-0.6790933122387351,0.5773804995718524
-0.20110309110172625,0.08600299499729347
-0.7668516942805508,0.23065649884048894
-0.20234956124088005,0.8791778352061166
-0.3105496064452504,0.4689979813818332
-0.5084342902581158,0.44262256152201845
-0.9061368935562989,0.9128985722718639
-0.6268644187361927,0.42745176680257235
-0.6389135719462731,0.47007309193446584
-0.7450871037660336,0.6688725952803094
-0.10881753834986113,0.5780186645375853
-0.38468183667701183,0.458340248884401
-0.7505590720099853,0.655498071166382
-0.5933691092105525,0.2166187773747481
-0.5267403119336879,0.7155487611952526
-0.26424408576806985,0.4640150328375298
-0.6035038085020806,0.304234028128246
-0.599606490138461,0.8859064107633972
-0.4147482538443798,0.6353816070060492
-0.7097105930134185,0.21599641256420493
-0.6921008763266296,0.3413765274584657
-0.6775571495260225,0.10384070635521458
-0.6271692156757762,0.6352866589892999
-0.5171861533943225,0.5388585876091543
-0.14718953080646718,0.5800314416734447
-0.6479125992782626,0.8086029190813472
-0.27211986309133984,0.25303483592926945
-0.709050673229391,0.7422290579365401
-0.1522254645090978,0.6988788782630998
-0.40686751205390803,0.19275126274455523
-0.5618025938094244,0.16479923873400465
-0.6005633401285077,0.9824907359087498
-0.523632809025714,0.3639643592006299
-0.6368021795474433,0.8319101592379745
-0.7109256927970028,0.6640495674649363
-0.8412540381250025,0.8901550790463579
-0.19733438348535892,0.6106264128415169
-0.6626292564088908,0.15474347953366463
-0.34534940451948004,0.26322387196133645
